clade	gene	site	alt
A	nuc	1321	A
A	nuc	1358	A
A	nuc	1654	T
A	nuc	1671	A
B1	nuc	1268	G
B1	nuc	1311	G
B1	nuc	1343	T
B1	nuc	1493	A
B1	nuc	1511	G
B2	nuc	1555	T
B3	nuc	1583	C
C1	nuc	1307	C
C1	nuc	1478	T
C1	nuc	1549	T
C1	nuc	1586	A
C2	nuc	1313	A
C2	nuc	1350	T
D1	nuc	1255	G
D1	nuc	1277	C
D1	nuc	1562	T
D10	nuc	1355	G
D10	nuc	1450	T
D10	nuc	1555	G
D10	nuc	1676	A
D11	nuc	1286	A
D11	nuc	1446	T
D2	nuc	1439	G
D2	nuc	1487	C
D2	nuc	1247	A
D2	nuc	1482	A
D3	nuc	1253	C
D3	nuc	1507	C
D3	nuc	1519	T
D3	nuc	1520	G
D4	nuc	1365	A
D4	nuc	1599	T
D4	nuc	1648	T
D5	nuc	1280	G
D5	nuc	1337	C
D6	nuc	1548	A
D7	nuc	1571	C
D7	nuc	1575	C
D8	nuc	1458	A
D8	nuc	1483	T
D9	nuc	1448	A
E	nuc	1456	T
E	nuc	1561	A
E	nuc	1573	A
F	nuc	1454	A
F	nuc	1529	T
F	nuc	1564	T
G1	nuc	1259	T
G1	nuc	1409	G
G1	nuc	1651	T
G2	nuc	1474	A
G2	nuc	1503	G
G3	nuc	1235	A
H1	nuc	1358	C
H1	nuc	1456	A
H2	nuc	1316	A
H2	nuc	1403	A
H2	nuc	1477	A
H2	nuc	1619	T
